X,Y,address,business_name,business_type,precinct,live_date,ObjectId
-83.199179,42.401723,15510 Fenkell St,Mobil,Retail,8,2016/01/01 05:00:00+00,1
-83.159842,42.417175,8930 W McNichols Rd,Marathon,Retail,12,2016/01/01 05:00:00+00,2
-83.197639,42.386789,15439 Schoolcraft Ave,Citgo,Retail,2,2016/01/01 05:00:00+00,3
-83.004221,42.434677,11603 E 7 Mile Rd,Sunoco,Retail,9,2016/01/01 05:00:00+00,4
-82.959684,42.405842,10601 E Outer Dr,BP,Retail,9,2016/01/01 05:00:00+00,5
-82.939714,42.374466,14820 E Jefferson Ave,Mobil,Retail,5,2016/01/01 05:00:00+00,6
-83.23638,42.357863,20000 Joy Rd,Mobil,Retail,6,2016/01/01 05:00:00+00,7
-83.026459,42.336197,2010 E Jefferson Ave,Mobil,Retail,7,2016/01/01 05:00:00+00,8
-83.205325,42.408833,16046 Puritan St,Puritan Liquor,Retail,8,2016/03/03 05:00:00+00,9
-82.946213,42.371749,14200 E Jefferson Ave,Perry's Liquor,Retail,5,2016/03/03 05:00:00+00,10
-83.224043,42.402544,18551 Grand River Ave,Royal Fresh Market,Retail,8,2016/07/23 04:00:00+00,11
-83.25604,42.416266,21640 Grand River Ave,McDonald's,Retail,8,2016/03/03 05:00:00+00,12
-83.154441,42.276309,1781 S Fort St,Exxon,Retail,4,2016/03/21 04:00:00+00,13
-83.105955,42.315912,6003 W Vernor Hwy,McDonald's,Retail,4,2016/03/21 04:00:00+00,14
-82.978853,42.436639,14383 Gratiot Ave,Mike's Fresh Market,Retail,9,2016/04/12 04:00:00+00,15
-82.947685,42.424767,11535 Morang Dr,Sunoco,Retail,9,2016/04/12 04:00:00+00,16
-83.221736,42.401727,18403 Grand River Ave,McDonald's,Retail,8,2016/04/18 04:00:00+00,17
-83.13926,42.369242,9800 Grand River Ave,Mobil,Retail,10,2016/04/18 04:00:00+00,18
-83.237091,42.401038,19850 Fenkell St,Fuel Zone,Retail,8,2016/04/25 04:00:00+00,19
-83.04205,42.335379,535 Monroe St,The Greek,Retail,3,2018/01/30 05:00:00+00,20
-83.04727,42.351906,975 Mack Ave,Exxon,Retail,7,2016/04/25 04:00:00+00,21
-82.938957,42.374723,14900 E Jefferson Ave,Marathon,Retail,5,2016/04/27 04:00:00+00,22
-83.046479,42.351351,1000 Mack Ave,McDonald's,Retail,7,2016/04/28 04:00:00+00,23
-83.008413,42.343858,6416 E Jefferson Ave,Palace Plaza Liquor,Retail,7,2016/05/10 04:00:00+00,24
-83.142641,42.433045,19195 Livernois Ave,Mike's Fresh Market,Retail,12,2016/05/14 04:00:00+00,25
-83.221154,42.372454,18426 Plymouth Rd,Starter's Bar & Grill,Retail,6,2016/05/14 04:00:00+00,26
-83.077038,42.376357,8290 Woodward Ave,Turkey Grill,Retail,3,2016/05/23 04:00:00+00,27
-83.105253,42.368644,8536 Linwood Ave,One Stop Liquor,Retail,10,2016/07/27 04:00:00+00,28
-83.043478,42.334692,401 Monroe St,Parkrite,Services,3,2018/01/30 05:00:00+00,29
-83.259988,42.442816,22021 W 8 Mile Rd,McDonald's,Retail,8,2016/05/27 04:00:00+00,30
-83.129555,42.331454,6876 Michigan Ave,McDonald's,Retail,4,2016/06/04 04:00:00+00,31
-83.196914,42.366079,9540 Greenfield Rd,Glass Bottle Shoppe,Retail,2,2016/06/06 04:00:00+00,32
-83.073994,42.334003,1920 W Fisher Fwy,Mobil,Retail,3,2016/06/21 04:00:00+00,33
-83.078378,42.325517,2600 Bagley Ave,Mexican Village Restaurant,Retail,4,2016/06/28 04:00:00+00,34
-83.200313,42.416284,15550 W McNichols Rd,McDonald's,Retail,8,2016/07/12 04:00:00+00,35
-82.987845,42.356714,8825 E Jefferson Ave,McDonald's,Retail,7,2016/07/23 04:00:00+00,36
-83.178808,42.430858,13403 W 7 Mile Rd,Remedy Rx Pharmacy,Retail,12,2016/08/01 04:00:00+00,37
-83.021876,42.36723,6500 Gratiot Ave,Citgo,Retail,7,2016/09/07 04:00:00+00,38
-83.224914,42.42961,18525 W 7 Mile Rd,BP,Retail,8,2016/09/28 04:00:00+00,39
-83.219712,42.415795,18120 W McNichols Rd,Mobil,Retail,8,2016/10/13 04:00:00+00,40
-83.232858,42.429425,19331 W 7 Mile Rd,Sunoco,Retail,8,2016/10/18 04:00:00+00,41
-83.230691,42.405957,19222 Grand River Ave,Rosedale Community Pharmacy,Retail,8,2016/10/26 04:00:00+00,42
-82.972283,42.443979,14999 Gratiot Ave,Gratiot & Fairmount Market,Retail,9,2016/10/28 04:00:00+00,43
-83.196883,42.343906,15530 W Warren Ave,Dollar Center,Retail,6,2016/11/01 04:00:00+00,44
-82.965023,42.435777,15201 E 7 Mile Rd,Sunoco,Retail,9,2016/11/02 04:00:00+00,45
-82.993256,42.434519,12800 E 7 Mile Rd,Sunoco,Retail,9,2016/11/03 04:00:00+00,46
-82.974127,42.420363,11700 Chalmers St,Citgo,Retail,9,2016/11/03 04:00:00+00,47
-83.123669,42.312714,7635 W Vernor Hwy,Paul's Pizza,Retail,4,2016/11/09 05:00:00+00,48
-83.123502,42.312771,7631 W Vernor Hwy,Sherry's on Vernor,Retail,4,2016/11/09 05:00:00+00,49
-83.123606,42.312739,7633 W Vernor Hwy,Cricket Wireless,Services,4,2016/11/09 05:00:00+00,50
-83.180314,42.416221,13601 W McNichols Rd,Citgo,Retail,2,2016/11/10 05:00:00+00,51
-83.187059,42.416733,14340 W McNichols Rd,Southern Smokehouse,Retail,12,2016/11/15 05:00:00+00,52
-83.127362,42.330564,6835 Michigan Ave,Super Dollar Store,Retail,4,2016/11/18 05:00:00+00,53
-83.160224,42.402731,15321 Wyoming Ave,McDonald's,Retail,12,2016/11/21 05:00:00+00,54
-82.982274,42.361109,9939 E Jefferson Ave,Riviera Auto Service,Services,7,2016/11/22 05:00:00+00,55
-83.242382,42.410679,20400 Grand River Ave,Sunoco,Retail,8,2016/11/29 05:00:00+00,56
-83.07466,42.433486,2847 E 7 Mile Rd,Global Mobile,Retail,11,2016/12/01 05:00:00+00,57
-83.074355,42.433469,2867 E 7 Mile Rd,Scotch Castle Liquor Land,Retail,11,2016/12/01 05:00:00+00,58
-83.237104,42.386053,20001 Schoolcraft Ave,Sonny's Hamburgers,Retail,6,2016/12/01 05:00:00+00,59
-82.977499,42.36324,10520 E Jefferson Ave,Eastown,Retail,5,2016/12/01 05:00:00+00,60
-83.075233,42.433223,2819 E 7 Mile Rd,New Merchant Food Center,Retail,11,2016/12/01 05:00:00+00,61
-83.14072,42.422997,18000 Livernois Ave,Savon Foods,Retail,12,2016/12/02 05:00:00+00,62
-83.14003,42.406661,15700 Livernois Ave,Uptown BBQ & Soulfood,Retail,12,2016/12/06 05:00:00+00,63
-83.19616,42.357804,15401 Joy Rd,Benchmark Party Shoppe,Retail,2,2016/12/07 05:00:00+00,64
-83.179479,42.385368,13676 Grand River Ave,McDonald's,Retail,2,2016/12/07 05:00:00+00,65
-83.069704,42.331139,1715 Michigan Ave,Marathon,Retail,3,2016/12/08 05:00:00+00,66
-83.108331,42.373439,9130 Linwood St,Valero,Retail,10,2016/12/08 05:00:00+00,67
-83.015568,42.445019,10100 E 8 Mile Rd,Bel-Air Luxury Cinema,Services,11,2016/12/09 05:00:00+00,68
-83.023911,42.440868,19840 Van Dyke Rd,McDonald's,Retail,11,2016/12/12 05:00:00+00,69
-83.213695,42.43039,17256 W 7 Mile Rd,Lindsay Food & Drug,Retail,8,2016/12/14 05:00:00+00,70
-83.14143,42.417393,17121 Livernois Ave,McDonald's,Retail,12,2016/12/15 05:00:00+00,71
-83.242837,42.429762,20354 W 7 Mile Rd,Boost Mobile,Services,8,2016/12/19 05:00:00+00,72
-82.991708,42.434448,12930 E 7 Mile Rd,Super Clean Coin Laundry,Services,9,2016/12/20 05:00:00+00,73
-82.970474,42.365321,11250 E Jefferson Ave,Parkway Foods,Retail,5,2016/12/21 05:00:00+00,74
-82.996486,42.389235,10450 Shoemaker St,Wonder Foods,Retail,5,2016/12/21 05:00:00+00,75
-83.122147,42.377447,11320 Dexter Ave,Barrel & Bottle Party Shoppe,Retail,10,2016/12/27 05:00:00+00,76
-83.257184,42.415049,21740 W McNichols Rd,Sunoco,Retail,8,2016/12/27 05:00:00+00,77
-82.988413,42.374362,10300 Mack Ave,Mack & Bewick Market,Retail,5,2016/12/28 05:00:00+00,78
-83.202301,42.415655,15801 W McNichols Rd,Summit Medical Center,Services,8,2016/12/29 05:00:00+00,79
-83.079031,42.440824,19900 Conant St,Pelzer's Party Shoppe,Retail,11,2017/01/03 05:00:00+00,80
-83.021655,42.434316,8139 E 7 Mile Rd,7 Mile Food,Retail,11,2017/01/04 05:00:00+00,81
-83.053582,42.361632,1001 E Warren Ave,Mobil,Retail,7,2017/01/05 05:00:00+00,82
-83.117079,42.359616,8059 Grand River Ave,New Quick Stop Market,Retail,10,2017/01/17 05:00:00+00,83
-83.177866,42.382341,12750 Schaefer Hwy,Sunoco,Retail,2,2017/01/19 05:00:00+00,84
-82.957409,42.429671,18300 Morang Ave,Citgo,Retail,9,2017/01/19 05:00:00+00,85
-83.003544,42.362954,7945 Charlevoix St,Janes Market,Retail,7,2017/01/23 05:00:00+00,86
-82.94196,42.423174,11030 Morang Ave,Clark,Retail,9,2017/01/23 05:00:00+00,87
-83.257262,42.416722,21756 Grand River Ave,City Liquor Shoppe,Retail,8,2017/01/26 05:00:00+00,88
-83.103267,42.382416,10200 Rosa Parks Blvd,Clark,Retail,10,2017/01/26 05:00:00+00,89
-83.185887,42.372662,14421 Plymouth Rd,Club Celebrity,Services,2,2017/01/31 05:00:00+00,90
-83.219644,42.365648,18330 W Chicago Blvd,Seaway Market Place,Retail,6,2017/01/31 05:00:00+00,91
-83.187066,42.372602,14545 Plymouth Rd,Zoom,Retail,2,2017/02/08 05:00:00+00,92
-83.074617,42.352706,1131 W Warren Ave,University Foods,Retail,3,2017/02/09 05:00:00+00,93
-83.241746,42.415274,20324 W McNichols Rd,Soft Cloth Car Wash,Services,8,2017/02/13 05:00:00+00,94
-83.228153,42.371785,19115 Plymouth Rd,Soft Cloth Car Wash,Services,6,2017/02/14 05:00:00+00,95
-83.239274,42.408865,20131 Grand River Ave,Soft Cloth Car Wash,Services,8,2017/02/15 05:00:00+00,96
-83.118407,42.437752,19664 Woodward Ave,Soft Cloth Car Wash,Services,12,2017/02/16 05:00:00+00,97
-83.116107,42.304994,7250 W Lafayette Blvd,Bee Be's Market,Retail,4,2017/02/20 05:00:00+00,98
-83.263318,42.442359,22341 W 8 Mile Rd,Woodland Medical Center,Services,8,2018/01/22 05:00:00+00,99
-83.062798,42.343782,3435 2nd Ave,Grocer Farm Market,Retail,3,2017/02/21 05:00:00+00,100
-83.08096,42.367891,2889 W Grand Blvd,McDonald's,Retail,3,2017/03/07 05:00:00+00,101
-83.150057,42.402331,8105 Fenkell St,Detroit Palace,Retail,10,2017/03/10 05:00:00+00,102
-82.914489,42.409452,18201 Mack Ave,McDonald's,Retail,5,2017/03/20 04:00:00+00,103
-83.098472,42.439481,540 E State Fair,Bottle Stop,Retail,11,2017/03/23 04:00:00+00,104
-82.946468,42.38775,15015 Mack Ave,Maryland Liquor,Retail,5,2017/03/24 04:00:00+00,105
-83.236226,42.385932,19841 Schoolcraft Ave,Citgo,Retail,6,2017/03/31 04:00:00+00,106
-82.967355,42.384007,3800 Conner Ln,Citgo,Retail,5,2017/04/04 04:00:00+00,107
-83.057961,42.358659,500 E Warren Ave,Food Pride Market,Retail,3,2017/04/06 04:00:00+00,108
-83.251306,42.428915,21221 W 7 Mile Rd,Holbrook Auto Parts,Services,8,2017/04/06 04:00:00+00,109
-83.190679,42.430373,14651 W 7 Mile Rd,Holbrook Automotive Parts #2,Services,12,2017/04/06 04:00:00+00,110
-83.106028,42.345138,3888 W Warren Ave,Big Top Liquor,Retail,3,2017/04/06 04:00:00+00,111
-83.130921,42.38909,13301 Dexter Ave,Dexter-Waverly Market,Retail,10,2017/04/06 04:00:00+00,112
-83.038459,42.427259,18054 Mt Elliot St,Randy's Market,Retail,11,2017/04/07 04:00:00+00,113
-83.138764,42.33655,5611 Tarnow St,Sunoco,Retail,4,2017/04/07 04:00:00+00,114
-83.233524,42.372256,19550 Plymouth Rd,Mobil,Retail,6,2017/04/11 04:00:00+00,115
-83.02081,42.370191,6811 Gratiot Ave,Marathon,Retail,7,2017/04/14 04:00:00+00,116
-83.083505,42.440336,1841 E State Fair,Citgo,Retail,11,2017/04/17 04:00:00+00,117
-83.20877,42.416026,16342 W McNichols Rd,Princess Liquor,Retail,8,2017/04/17 04:00:00+00,118
-83.006625,42.367099,7961 Mack Ave,Shell,Retail,7,2017/04/18 04:00:00+00,119
-83.095122,42.362712,2453 W Grand Blvd,Gold Coin Laundry,Services,10,2017/04/19 04:00:00+00,120
-83.203973,42.343897,16200 W Warren Ave,Victory Liquor,Retail,6,2017/04/19 04:00:00+00,121
-83.041953,42.335415,541 Monroe St,Astoria,Retail,3,2018/01/30 05:00:00+00,122
-82.997383,42.38255,9949 E Warren Ave,Sunoco,Retail,7,2017/04/20 04:00:00+00,123
-83.1105,42.356866,7305 Grand River Ave,Citgo,Retail,10,2017/04/20 04:00:00+00,124
-83.095499,42.346324,2971 W Warren Ave,BP,Retail,3,2017/04/28 04:00:00+00,125
-83.005234,42.356709,7353 Kercheval St,Sunoco,Retail,7,2017/04/28 04:00:00+00,126
-83.245512,42.364888,20840 W Chicago Blvd,Scotty J's Liquor,Retail,6,2017/05/03 04:00:00+00,127
-83.139233,42.388998,13730 Livernois Ave,Soap's Car Wash & Details,Services,10,2017/05/05 04:00:00+00,128
-83.08275,42.384792,9400 Woodward Ave,Kenwood Market,Retail,3,2017/05/05 04:00:00+00,129
-83.158912,42.373135,11511 Wyoming Ave,Citgo,Retail,2,2017/05/10 04:00:00+00,130
-82.962686,42.394436,13921 E Warren Ave,First Class,Retail,5,2017/05/10 04:00:00+00,131
-83.255662,42.386201,21746 Schoolcraft Ave,BP,Retail,6,2017/05/10 04:00:00+00,132
-83.082467,42.433177,1901 E 7 Mile Rd,Sunoco,Retail,11,2017/05/30 04:00:00+00,133
-83.021498,42.433796,8140 E 7 Mile Rd,East Seven Mile Apartments,Residential,11,2017/05/10 04:00:00+00,134
-83.10774,42.422086,17800 Woodward Ave,CDG Preferred Properties,Services,12,2017/05/12 04:00:00+00,135
-83.12843,42.366338,4924 Joy Rd,Chapel Hill Church,Services,10,2017/05/12 04:00:00+00,136
-83.024037,42.439436,19638 Van Dyke St,Motown Cafe and Grill,Retail,11,2017/05/16 04:00:00+00,137
-82.968683,42.449455,14900 E 8 Mile Rd,Dunkin Donuts,Retail,9,2017/05/18 04:00:00+00,138
-83.157564,42.359588,8820 Wyoming Ave,Citgo,Retail,2,2017/05/20 04:00:00+00,139
-83.023869,42.340487,650 Chene St,Chene Liquor Shop,Retail,7,2017/05/22 04:00:00+00,140
-83.219347,42.365543,18320 W Chicago St,Cody Liquor,Retail,6,2017/05/24 04:00:00+00,141
-83.159148,42.377201,12050 Grand River Ave,Shell,Retail,2,2017/05/26 04:00:00+00,142
-82.990293,42.373546,10100 Mack Ave,Citgo,Retail,5,2017/05/30 04:00:00+00,143
-83.117992,42.369852,3701 Joy Rd,Grand Liquor,Retail,10,2017/05/31 04:00:00+00,144
-83.053999,42.344921,2915 John R St,The Carlton Lofts,Residential,3,2017/06/01 04:00:00+00,145
-83.245003,42.429125,20545 W 7 Mile Rd,Citgo,Retail,8,2017/06/02 04:00:00+00,146
-83.24776,42.429688,20800 W 7 Mile Rd,Valero,Retail,8,2017/06/06 04:00:00+00,147
-83.200194,42.359062,15750 Joy Rd,Fairlane Nursing Centre,Residential,6,2017/06/13 04:00:00+00,148
-83.281295,42.428562,24341 W 7 Mile Rd,Bellagio Liquor,Retail,8,2017/06/13 04:00:00+00,149
-83.063059,42.418389,3810 E McNichols Rd,Diamond Liquor,Retail,11,2017/06/20 04:00:00+00,150
-83.17019,42.430838,10833 W 7 Mile Rd,Mobil,Retail,12,2017/06/21 04:00:00+00,151
-82.934143,42.417383,17230 Harper Ave,Exxon,Retail,5,2017/06/22 04:00:00+00,152
-83.217457,42.400823,17776 Grand River Ave,BP,Retail,8,2017/06/28 04:00:00+00,153
-83.217586,42.400107,17785 Grand River Ave,Valero,Retail,8,2017/06/28 04:00:00+00,154
-83.272303,42.429414,23540 W 7 Mile Rd,Sunoco,Retail,8,2017/06/28 04:00:00+00,155
-82.975568,42.364135,10736 E Jefferson Ave,BP,Retail,5,2017/06/29 04:00:00+00,156
-83.117531,42.315673,6707 Dix St,Certified Alignment & Suspension,Services,4,2017/07/06 04:00:00+00,157
-83.057556,42.433512,4607 E 7 Mile Rd,Pick A Snack Party Shoppe,Retail,11,2017/07/13 04:00:00+00,158
-82.964518,42.415987,11002 Hayes St,Hayes Liquor Basket,Retail,9,2017/07/17 04:00:00+00,159
-82.964675,42.405687,9100 Chalmers St,76 Gas,Retail,9,2017/07/17 04:00:00+00,160
-83.011225,42.364852,7310 Mack Ave,Elbow Lounge,Services,7,2017/07/18 04:00:00+00,161
-82.969709,42.448179,15405 Gratiot Ave #100,Little Caesar's Pizza,Retail,9,2017/07/24 04:00:00+00,162
-82.969754,42.4482,15405 Gratiot Ave #150,Advance America,Services,9,2017/07/24 04:00:00+00,163
-82.96982,42.44822,15405 Gratiot Ave #200,Game Stop,Retail,9,2017/07/24 04:00:00+00,164
-82.969887,42.448241,15405 Gratiot Ave #250,Vacant,Retail,9,2017/07/24 04:00:00+00,165
-82.969978,42.448248,15405 Gratiot Ave #300,MetroPCS,Services,9,2017/07/24 04:00:00+00,166
-82.970108,42.448288,15405 Gratiot Ave #400,Tax Giant,Services,9,2017/07/24 04:00:00+00,167
-82.970298,42.448342,15405 Gratiot Ave #500,Dollar Center,Retail,9,2017/07/24 04:00:00+00,168
-82.970335,42.44848,15405 Gratiot Ave #600,City Warehouse,Retail,9,2017/07/24 04:00:00+00,169
-83.21972,42.329461,18430 Ford Rd,Wendy's,Retail,6,2017/07/26 04:00:00+00,170
-83.045722,42.412039,5637 Charles St,Super X Liquor,Retail,11,2017/07/26 04:00:00+00,171
-83.053041,42.336359,114 W Adams Ave,Briggs Houze,Residential,3,2017/07/27 04:00:00+00,172
-82.952308,42.416956,10542 Whittier St,Whittier Market,Retail,9,2017/07/28 04:00:00+00,173
-83.14387,42.43174,7100 W 7 Mile Rd,State Farm,Services,12,2017/07/31 04:00:00+00,174
-82.940321,42.401947,16226 E Warren Ave,Public Foods,Retail,5,2017/08/02 04:00:00+00,175
-83.274577,42.429314,23740 W 7 Mile Rd,7-Tel Party Store,Retail,8,2017/08/02 04:00:00+00,176
-82.965579,42.426553,13001 Hayes St,Hayes Troester,Retail,9,2017/08/04 04:00:00+00,177
-83.217378,42.357371,18137 Joy Rd - BP,BP,Retail,6,2017/08/11 04:00:00+00,178
-83.198096,42.372235,15501 Plymouth Rd,McDonald's,Retail,6,2017/08/14 04:00:00+00,179
-83.217246,42.357307,18137 Joy Rd - McD,McDonald's,Retail,6,2017/08/14 04:00:00+00,180
-83.089436,42.322491,3801 W Vernor Hwy,Citgo,Retail,4,2017/08/16 04:00:00+00,181
-83.285799,42.428307,24761 W 7 Mile Rd,BP,Retail,8,2017/08/16 04:00:00+00,182
-83.198021,42.372829,15500 Plymouth Rd,Marathon,Retail,6,2017/08/17 04:00:00+00,183
-83.073694,42.371335,7400 Woodward Ave,New Center Liquor,Retail,3,2017/08/23 04:00:00+00,184
-83.212286,42.415937,17200 W McNichols Rd,Mega Liquor,Retail,8,2017/08/25 04:00:00+00,185
-83.257501,42.417054,17336 Lahser Rd,Motor City Java,Retail,8,2017/08/29 04:00:00+00,186
-83.081282,42.381423,8901 Woodward Ave,Marathon,Retail,3,2017/08/31 04:00:00+00,187
-83.244079,42.42966,20436 W 7 Mile Rd,International Language Solutions,Services,8,2017/09/06 04:00:00+00,188
-83.126684,42.384447,12340 Dexter Ave,Valero,Retail,10,2017/09/08 04:00:00+00,189
-83.124922,42.336628,5015 Livernois Ave,Sunoco,Retail,4,2017/09/12 04:00:00+00,190
-83.264282,42.442623,22355 W 8 Mile Rd,West Oaks Senior Care,Residential,8,2017/10/30 04:00:00+00,191
-83.197248,42.444648,15229 W 8 Mile Rd,GDI Services Inc.,Services,12,2017/10/30 04:00:00+00,192
-83.023763,42.428502,18326 Van Dyke Ave,The Venue,Services,11,2017/11/02 04:00:00+00,193
-83.170262,42.431452,10848 W 7 Mile Rd,Detroit Wine & Liquor,Retail,12,2017/11/02 04:00:00+00,194
-83.014868,42.433646,8740 E 7 Mile Rd,Family Food and Liquor,Retail,11,2017/11/02 04:00:00+00,195
-83.21003,42.37265,16600 Plymouth Rd,JR Party Store,Retail,6,2017/11/02 04:00:00+00,196
-83.006786,42.366421,7900 Mack Ave,Mack Avenue Community Church,Services,7,2017/11/02 04:00:00+00,197
-83.051638,42.433572,5153 E 7 Mile Rd,Riviera Liquor,Retail,11,2017/11/03 04:00:00+00,198
-83.1217,42.376589,10330 Dexter Ave,Dexter Hardware & Lumber,Retail,10,2017/11/06 05:00:00+00,199
-83.08224,42.382977,9101 Woodward Ave,Shamrock,Retail,10,2017/11/06 05:00:00+00,200
-83.027276,42.343857,1401 Chene St,Parkview Place,Residential,7,2017/11/08 05:00:00+00,201
-83.151082,42.275285,2205 S Schaefer Hwy,A & D Market,Retail,4,2017/11/08 05:00:00+00,202
-82.958291,42.379591,2660 Dickerson Ave,Wolverine Human Services,Services,5,2017/11/08 05:00:00+00,203
-83.004568,42.442395,19934 Hoover St,Hoover Market,Retail,9,2017/11/08 05:00:00+00,204
-83.197342,42.356519,8585 Greenfield Rd,City Pawn,Retail,6,2017/11/10 05:00:00+00,205
-82.964966,42.406032,9140 Chalmers St,Coin-O-Matic,Services,9,2017/11/10 05:00:00+00,206
-83.005228,42.419697,11500 E McNichols Rd,Seven Stars Food Center,Retail,9,2017/11/10 05:00:00+00,207
-83.120914,42.313763,7155 W Vernor Hwy,BP,Retail,4,2017/11/10 05:00:00+00,208
-82.970474,42.390894,12620 E Warren Ave,Marathon,Retail,5,2017/11/13 05:00:00+00,209
-83.041788,42.350957,3401 Riopelle St,Roma Cafe,Retail,7,2017/11/13 05:00:00+00,210
-82.966749,42.449545,15022 E 8 Mile Rd,LA Insurance,Services,9,2017/11/22 05:00:00+00,211
-83.204139,42.409073,15940 Puritan St,Lighthouse Cathedral Church,Services,8,2017/12/06 05:00:00+00,212
-83.212016,42.430423,17100 W 7 Mile Rd,Safari Drugs Pharmacy,Retail,8,2018/01/09 05:00:00+00,213
-83.160382,42.402236,10041 Fenkell Ave,Medstop Pharmacy,Retail,2,2018/01/09 05:00:00+00,214
-82.936897,42.415933,17046 Harper Ave,Mobil,Retail,5,2018/01/11 05:00:00+00,215
-83.026224,42.433757,7600 E 7 Mile Rd,Magic Dollar Super Store,Retail,11,2018/01/11 05:00:00+00,216
-82.967413,42.44954,15000 E 8 Mile Rd,Sunoco,Retail,9,2018/01/12 05:00:00+00,217
-83.041622,42.335659,569 Monroe St,Wahlburgers,Retail,3,2018/01/30 05:00:00+00,218
-83.041702,42.335506,553 Monroe St,Pizza Papalis,Retail,3,2018/01/30 05:00:00+00,219
-83.042302,42.335221,517 Monroe St,Pappy Sports Bar,Retail,3,2018/01/30 05:00:00+00,220
-83.04328,42.335237,438 Macomb St,438 Macomb Building,Services,3,2018/01/30 05:00:00+00,221
-83.041505,42.3356,573 Monroe St,Redsmoke,Retail,3,2018/01/30 05:00:00+00,222
-83.042699,42.334082,1000 Brush St,Atheneum Hotel,Residential,3,2018/01/30 05:00:00+00,223
-83.042494,42.3353,1216 Beaubien St,1216 Beaubien Office Building,Services,3,2018/01/30 05:00:00+00,224
-83.041381,42.334651,555 E Lafayette St,Greektown Casino- Hotel,Retail,3,2018/01/30 05:00:00+00,225
-83.139394,42.375875,11847 Livernois Ave,E & N Party Store,Retail,10,2018/02/05 05:00:00+00,226
-83.067576,42.362769,5730 Woodward Ave,Star of Woodward,Retail,3,2018/02/06 05:00:00+00,227
-83.21764,42.420498,8000 W Outer Dr,Glory Supermarket,Retail,8,2018/02/06 05:00:00+00,228
-83.100594,42.321989,2199 Lansing St,Lansing Building,Residential,4,2018/02/07 05:00:00+00,229
-82.94848,42.37032,13330 E Jefferson Ave,Ace Academy,Services,5,2018/02/13 05:00:00+00,230
-82.948376,42.370362,13332 E Jefferson Ave,Riverbend Plaza,Retail,5,2018/02/13 05:00:00+00,231
-82.948294,42.370387,13334 E Jefferson Ave,Diamond Smiles Dentisty,Services,5,2018/02/13 05:00:00+00,232
-82.94826,42.370401,13336 E Jefferson Ave,Sutton's Health Mart Pharmacy,Retail,5,2018/02/13 05:00:00+00,233
-82.949598,42.369967,13230 E Jefferson Ave,PNC Bank,Services,5,2018/02/13 05:00:00+00,234
-82.950028,42.369838,13210 E Jefferson Ave,Riverbend Plaza,Retail,5,2018/02/13 05:00:00+00,235
-82.949818,42.369895,13214 E Jefferson Ave,Forever Young Beauty Supply,Retail,5,2018/02/13 05:00:00+00,236
-82.950707,42.370274,13200 E Jefferson Ave,O'Reilly Auto Parts,Retail,5,2018/02/13 05:00:00+00,237
-82.948892,42.370173,13310 E Jefferson Ave,Asian Nails,Services,5,2018/02/13 05:00:00+00,238
-82.948799,42.370206,13314 E Jefferson Ave,Rent-A-Center,Retail,5,2018/02/13 05:00:00+00,239
-82.9487,42.370243,13316 E Jefferson Ave,H & R Block,Services,5,2018/02/13 05:00:00+00,240
-82.950319,42.369718,13206 E Jefferson Ave,DPD Mini Station,Services,5,2018/02/13 05:00:00+00,241
-82.949731,42.369926,13222 E Jefferson Ave,Motor City Smoothie,Retail,5,2018/02/13 05:00:00+00,242
-82.949684,42.369941,13226 E Jefferson Ave,Eye Palace Express,Services,5,2018/02/13 05:00:00+00,243
-82.949375,42.370038,13240 E Jefferson Ave,Dollar Tree,Retail,5,2018/02/13 05:00:00+00,244
-82.948582,42.370283,13328 E Jefferson Ave,Villa,Retail,5,2018/02/13 05:00:00+00,245
-82.948204,42.370419,13338 E Jefferson Ave,Check 'n Go,Services,5,2018/02/13 05:00:00+00,246
-82.948146,42.37044,13340 E Jefferson Ave,Dynasty Chinese Food,Retail,5,2018/02/13 05:00:00+00,247
-82.966671,42.449546,15028 E 8 Mile Rd,Boost Mobile,Services,9,2018/02/15 05:00:00+00,248
-82.966567,42.44955,15030 E 8 Mile Rd,Nu Wave Fish & Chicken,Retail,9,2018/02/15 05:00:00+00,249
-82.966484,42.44955,15036 E 8 Mile Rd,Lovely Spa,Services,9,2018/02/15 05:00:00+00,250
-82.966403,42.449548,15038 E 8 Mile Rd,vacant,Retail,9,2018/02/15 05:00:00+00,251
-82.967093,42.449538,15006 E 8 Mile Rd,Eboni Beauty Supply,Retail,9,2018/02/15 05:00:00+00,252
-82.966824,42.449543,15014 E 8 Mile Rd,Buckley's Pharmacy,Retail,9,2018/02/15 05:00:00+00,253
-83.123537,42.305999,1503 Springwells St,Charlie’s Bar,Retail,4,2018/02/16 05:00:00+00,254
-82.972135,42.387437,4673 Conner St,Conner Pharmacy,Retail,5,2018/02/16 05:00:00+00,255
-82.973338,42.387878,4749 Conner St,Wendy's,Retail,5,2018/02/16 05:00:00+00,256
-83.241525,42.372229,20500 Plymouth Rd,Motor City Party Store,Retail,6,2018/02/20 05:00:00+00,257
-83.232323,42.371686,19441 Plymouth Rd,Savaya Brothers Liquor Store,Retail,6,2018/02/20 05:00:00+00,258
-83.108975,42.315331,6251 W Vernor Hwy,Burger King,Retail,4,2018/02/22 05:00:00+00,259
-83.170888,42.431518,12700 W 7 Mile Rd,Motor City Soul Food,Retail,12,2018/02/22 05:00:00+00,260
-83.014464,42.378172,7850 Gratiot Ave,Wendy's,Retail,7,2018/02/26 05:00:00+00,261
-83.006111,42.345753,6601 E Jefferson Ave,Wendy's,Retail,7,2018/03/01 05:00:00+00,262
-83.116202,42.326168,3278 Livernois,BP,Retail,4,2019/07/17 04:00:00+00,263
-83.140085,42.391656,14001 Livernois Ave,Wendy's,Retail,10,2018/03/09 05:00:00+00,264
-83.113321,42.417951,820 W McNichols Rd,Citgo,Retail,12,2018/03/13 04:00:00+00,265
-83.191373,42.417519,17101 Hubbell Ave,Randolph Career and Technical Center,Services,12,2018/03/13 04:00:00+00,266
-83.085711,42.432559,1700 E 7 Mile Rd,Coin-O-Matic,Services,11,2018/03/13 04:00:00+00,267
-83.138305,42.368846,9768 Grand River,Wendy's,Retail,10,2018/03/13 04:00:00+00,268
-83.11436,42.358398,7635 Grand River Ave,Albano's Apollo Coney Island,Retail,10,2018/03/19 04:00:00+00,269
-83.2261153,42.403625,18731 Grand River,Marathon,Retail,8,2018/03/20 04:00:00+00,270
-83.129862,42.330974,6935 Michigan Ave,Car Squad,Retail,4,2018/03/22 04:00:00+00,271
-83.125335,42.312345,7752 W Vernor Hwy,Southwest Detroit Business Association,Services,4,2018/03/26 04:00:00+00,272
-83.125472,42.312295,7760 W Vernor Hwy,Huntington Bank,Services,4,2018/03/26 04:00:00+00,273
-83.125174,42.312414,7744 W Vernor Hwy,Medicina Urbana,Services,4,2018/03/26 04:00:00+00,274
-83.125257,42.312382,7750 W Vernor Hwy,H & R Block,Services,4,2018/03/26 04:00:00+00,275
-83.132713,42.309044,"8701 W Vernor Hwy, Suite 102",COMPAS,Services,4,2018/04/04 04:00:00+00,276
-83.108277,42.316036,6170 W Vernor Hwy,Town Pharmacy,Retail,4,2018/04/04 04:00:00+00,277
-83.161173,42.402726,10110 Fenkell Ave,Coin-O-Matic,Services,12,2018/04/06 04:00:00+00,278
-83.121071,42.331482,4201 Livernois Ave,Valero,Retail,4,2018/04/13 04:00:00+00,279
-83.122133,42.35234,5296 Tireman St,Greater Apostolic Church,Services,10,2018/04/16 04:00:00+00,280
-83.166059,42.402462,10544 Fenkell Ave,Starlight Liquor Store,Retail,12,2018/05/10 04:00:00+00,281
-83.042488,42.335171,501 Monroe St,Delmar,Retail,3,2018/05/11 04:00:00+00,282
-83.043004,42.334395,400 Monroe St,400 Monroe & Associates,Services,3,2018/05/11 04:00:00+00,283
-83.089165,42.39275,11711 Woodward Ave,Coin-O-Matic,Services,10,2018/05/15 04:00:00+00,284
-83.252974,42.443078,21201 W 8 Mile Rd,Super Dollar Center,Retail,8,2018/05/17 04:00:00+00,285
-82.972009,42.449317,14700 E 8 Mile Rd,JZ Motel & Suites,Residential,9,2018/05/21 04:00:00+00,286
-83.188429,42.36254,9309 Hubbell St,Ryan's Hubbell Auto Parts,Retail,2,2018/05/23 04:00:00+00,287
-83.234166,42.415511,19500 W McNichols,Perfect Cleaners,Services,8,2018/05/24 04:00:00+00,288
-83.234734,42.415512,"19522 W McNichols, Suite A",JC Top Performance (fitness center),Services,8,2018/05/24 04:00:00+00,289
-83.214644,42.415516,"19522 W McNichols, Suite C",Borderline Salon,Services,8,2018/05/24 04:00:00+00,290
-83.234513,42.415512,"19522 W McNichols, Suite E",Detroit Healing Hands,Services,8,2018/05/24 04:00:00+00,291
-83.234454,42.415512,"19522 W McNichols, Suite F",vacant,Retail,8,2018/05/24 04:00:00+00,292
-83.244871,42.44332,20451 W 8 Mile Rd,Central Market,Retail,8,2018/05/28 04:00:00+00,293
-83.009364,42.374341,8100 E Forest Ave,Liberty Liquor,Retail,7,2018/05/30 04:00:00+00,294
-83.051184,42.336999,2001 Woodward Ave,Foxtown Market,Retail,3,2018/06/01 04:00:00+00,295
-83.21492,42.371957,17617 Plymouth Rd,Greater Love Tabernacle,Services,6,2018/06/08 04:00:00+00,296
-83.27639,42.429902,19150 Telegraph Rd,Glory Supermarket,Retail,8,2018/06/06 04:00:00+00,297
-83.017167,42.37602,7451 Gratiot Ave,Boost Mobile,Services,7,2018/06/10 04:00:00+00,298
-83.200818,42.441439,20211 Greenfield Rd,Coin-O-Matic,Services,8,2018/06/11 04:00:00+00,299
-83.10208,42.317884,5602 W Vernor Hwy,State Farm Insurance,Services,4,2018/06/19 04:00:00+00,300
-83.147018,42.345028,8000 W Warren Ave,Popas Auto Sales,Retail,2,2018/06/22 04:00:00+00,301
-82.961838,42.437169,15491 Maddelein St,Fisher Upper,Services,9,2018/06/26 04:00:00+00,302
-83.032343,42.339016,1565 E Lafayette St,Lafayette Foods,Retail,7,2018/06/27 04:00:00+00,303
-83.032974,42.338521,1561 E Lafayette St,Lafayette Laundry,Services,7,2018/06/27 04:00:00+00,304
-83.00105,42.447742,12230 E 8 Mile Rd,Glory Supermarket,Retail,9,2018/06/28 04:00:00+00,305
-83.204129,42.358263,16140 Joy Rd,Kasey's Beer and Wine,Retail,6,2018/06/28 04:00:00+00,306
-83.166515,42.365829,10649 W Chicago St,All Stars Beverage,Retail,2,2018/06/29 04:00:00+00,307
-82.94965,42.386519,14634 Mack Ave,Secretary of State,Services,5,2018/06/30 04:00:00+00,308
-82.947898,42.386565,14820 Mack Ave,Rite Aid,Retail,5,2018/07/01 04:00:00+00,309
-82.948972,42.386163,14708 Mack Ave,Aldi,Retail,5,2018/07/03 04:00:00+00,310
-82.948729,42.386286,14712 Mack Ave,Foot Locker,Retail,5,2018/07/03 04:00:00+00,311
-83.074453,42.352773,1127 W Warren Ave,Value Pizza & Deli,Retail,3,2018/07/09 04:00:00+00,312
-82.963977,42.405093,9000 Hayes St,Ashley's Liquor,Retail,9,2018/07/11 04:00:00+00,313
-82.998324,42.422242,12341 E McNichols Rd,Little Mike's Express,Retail,9,2018/07/11 04:00:00+00,314
-83.224372,42.357442,18743 Joy Rd,Tony’s Auto Tech,Services,6,2018/07/11 04:00:00+00,315
-83.015286,42.375106,7631 E Warren Ave,Lil Clint's Mini Mart,Retail,7,2018/07/13 04:00:00+00,316
-82.949588,42.386413,14638 Mack Ave,Urban Collection,Retail,5,2018/07/18 04:00:00+00,317
-82.949706,42.386563,14630 Mack Ave,Chicken Shack,Retail,5,2018/07/18 04:00:00+00,318
-82.948574,42.386338,14728 Mack Ave,MetroPCS,Services,5,2018/07/18 04:00:00+00,319
-82.948518,42.386358,14732 Mack Ave,Beauty Nails,Services,5,2018/07/18 04:00:00+00,320
-82.948446,42.386383,14736 Mack Ave,Destiny Dental,Services,5,2018/07/18 04:00:00+00,321
-82.948351,42.386413,14740 Mack Ave,One Detroit Credit Union,Services,5,2018/07/18 04:00:00+00,322
-82.949525,42.386353,14700 Mack Ave,Detroit Police Mini Station,Services,5,2018/07/18 04:00:00+00,323
-82.949564,42.386372,14640 Mack Ave,Advance America,Services,5,2018/07/18 04:00:00+00,324
-82.949478,42.386243,14642 Mack Ave,Family Dollar,Retail,5,2018/07/18 04:00:00+00,325
-83.158744,42.389655,13970 Wyoming Ave,Wyoming Mini Mart,Retail,10,2018/07/18 04:00:00+00,326
-82.952004,42.446945,16257 Bringard Dr,LifeBuilders,Services,9,2018/07/20 04:00:00+00,327
-83.171013,42.430188,18901 Meyers Rd,Oakpointe Senior Care and Rehab Center,Residential,12,2018/07/26 04:00:00+00,328
-83.230274,42.364102,19321 W Chicago St,St. Suzanne/Our Lady Gate of Heaven Cody Rouge Community Resource Center,Services,6,2018/07/26 04:00:00+00,329
-83.276885,42.423746,23841 Grand River Ave,Thrifty Florist,Retail,8,2018/07/30 04:00:00+00,330
-83.132713,42.309044,"8701 W Vernor Hwy, Suite 301",Living Arts,Services,4,2018/07/30 04:00:00+00,331
-83.132713,42.309044,8701 W Vernor Hwy,WAY Academy,Services,4,2018/07/30 04:00:00+00,332
-82.941393,42.373825,14628 E Jefferson Ave,Norma G's Detroit,Retail,5,2018/07/31 04:00:00+00,333
-83.071121,42.432799,3040 E 7 Mile Rd,New Mo-Town Pharmacy,Retail,11,2018/08/01 04:00:00+00,334
-83.267556,42.442764,22645 W 8 Mile Rd,Citgo,Retail,8,2018/08/01 04:00:00+00,335
-82.943802,42.4239,11200 Morang Dr,Holiday House,Retail,9,2018/08/01 04:00:00+00,336
-83.218593,42.429759,17819 W 7 Mile Rd,Mr. Corned Beef,Retail,8,2018/08/05 04:00:00+00,337
-83.130303,42.343937,6011 Livernois Ave,Valero,Retail,4,2018/10/22 04:00:00+00,338
-83.113585,42.377922,2690 W Boston Blvd,Edison West Apartments,Residential,10,2018/08/07 04:00:00+00,339
-83.241696,42.397519,10711 W Outer Dr,Grace Refuge Chapel,Services,6,2018/08/07 04:00:00+00,340
-83.130111,42.389507,13330 Dexter Ave,Clark,Retail,10,2018/08/07 04:00:00+00,341
-83.174758,42.416381,13125 W McNichols Rd,The First Beauty,Services,12,2018/08/07 04:00:00+00,342
-82.974827,42.434782,14400 E 7 Mile Rd,Valero,Retail,9,2018/08/13 04:00:00+00,343
-83.100098,42.359856,6571 Linwood St,Valero,Retail,3,2018/08/14 04:00:00+00,344
-83.198874,42.386716,15525 Schoolcraft St,Clark,Retail,6,2018/08/14 04:00:00+00,345
-83.023913,42.340606,662 Chene St,Dollar Center,Retail,7,2018/08/15 04:00:00+00,346
-83.217974,42.370339,18211 Plymouth Rd,New Providence Baptist Church,Services,6,2018/08/17 04:00:00+00,347
-83.019605,42.33875,2760 E Jefferson Ave,Gordon Food Service,Retail,7,2018/08/20 04:00:00+00,348
-82.970351,42.445522,15130 Gratiot Ave,Marathon,Retail,9,2018/08/24 04:00:00+00,349
-83.063553,42.331677,1266 Michigan Ave,Brooklyn Street Local,Retail,3,2018/08/28 04:00:00+00,350
-83.06299,42.331808,1236 Michigan Ave,Detroit Institute of Bagels,Retail,3,2018/08/28 04:00:00+00,351
-83.063276,42.331733,1254 Michigan Ave,PJ Lager House,Retail,3,2018/08/28 04:00:00+00,352
-83.065815,42.3317,1400 Michigan Ave,Ottava Via,Retail,3,2018/08/28 04:00:00+00,353
-83.066716,42.331697,1460 Michigan Ave,McShane's,Retail,3,2018/08/28 04:00:00+00,354
-82.975777,42.389783,5000 Conner St,Villages of Parkside,Residential,5,2018/08/30 04:00:00+00,355
-83.125418,42.397586,14127 Linwood St,Clark,Retail,10,2018/09/01 04:00:00+00,356
-83.222088,42.402484,18428 Grand River Ave,Grand Mercy Pharmacy,Retail,8,2018/09/01 04:00:00+00,357
-82.936131,42.389889,15935 Mack Ave,Mack Mart BP,Retail,5,2018/09/07 04:00:00+00,358
-83.169846,42.373383,12820 Plymouth Rd,Western Liquor,Retail,2,2018/09/07 04:00:00+00,359
-83.145782,42.275375,2626 S Schaefer Hwy,D’s Coney Island,Retail,4,2018/09/11 04:00:00+00,360
-83.052739,42.347653,3411 Brush St,Chili Mustard Onions,Retail,3,2018/09/19 04:00:00+00,361
-83.113982,42.420335,819 Covington Dr,811 Covington Apartments,Residential,12,2018/09/19 04:00:00+00,362
-83.240386,42.40928,20255 Grand River Ave,Coin-O-Matic,Services,8,2018/09/19 04:00:00+00,363
-82.986897,42.358031,1141 Holcomb St,"1141 Holcomb, Eastpointe Trust Apartments",Residential,7,2018/09/22 04:00:00+00,364
-82.986512,42.358441,1152 Holcomb St,"1152 Holcomb, Eastpointe Trust Apartments",Residential,7,2018/09/22 04:00:00+00,365
-82.986606,42.358588,1160 Holcomb St,"1160 Holcomb, Eastpointe Trust Apartments",Residential,7,2018/09/22 04:00:00+00,366
-82.986343,42.358238,1130 Holcomb St,"1130 Holcomb, Eastpointe Trust Apartments",Residential,7,2018/09/22 04:00:00+00,367
-82.997909,42.358973,8130 Kercheval St,Destination1905 Bar,Retail,7,2018/09/27 04:00:00+00,368
-83.201232,42.386657,15735 Schoolcraft Rd,Special Way Market,Retail,6,2018/09/30 04:00:00+00,369
-82.970074,42.445988,15170 Gratiot Ave,MBM Check Cashing,Services,9,2018/10/03 04:00:00+00,370
-83.220094,42.429705,18149 W 7 Mile Rd,Mobil,Retail,8,2018/10/04 04:00:00+00,371
-83.173338,42.431446,12908 W 7 Mile Rd,Detroit Cabinet Manufacturing,Services,12,2018/10/05 04:00:00+00,372
-82.974505,42.427283,17100 Chalmers St,Camp Restore Detroit,Services,9,2018/10/05 04:00:00+00,373
-83.260362,42.417937,22222 Grand River Ave,Wendy's,Retail,8,2018/10/09 04:00:00+00,374
-82.979275,42.389855,5201 Conner St,Omni Continuing Care,Residential,5,2018/10/11 04:00:00+00,375
-82.999374,42.448624,12344 E 8 Mile Rd,Cheers Liquor,Retail,9,2018/10/11 04:00:00+00,376
-83.110938,42.382195,2470 Collingwood St,Life Remodeled,Services,10,2018/10/12 04:00:00+00,377
-83.171507,42.41696,12800 W McNichols Rd,Mobil,Retail,12,2018/10/12 04:00:00+00,378
-83.012202,42.361821,695 E Grand Blvd,Qualicare Nursing Home,Residential,7,2018/10/15 04:00:00+00,379
-83.092197,42.324215,2055 Vinewood St,Vinewood Apartments,Residential,4,2018/10/16 04:00:00+00,380
-83.159173,42.409889,8910 Puritan St,Sip Sip Liquor Shop,Retail,12,2018/10/18 04:00:00+00,381
-83.136204,42.402909,3734 Fenkell St,Champion Tire Automotive,Services,10,2018/10/18 04:00:00+00,382
-83.101485,42.31762,5459 W Vernor Hwy,Alliance Catholic Credit Union,Services,4,2018/10/18 04:00:00+00,383
-82.97063,42.413759,10047 Chalmers St,STS Market,Retail,9,2018/10/22 04:00:00+00,384
-83.215675,42.358224,17690 Joy Rd,Shell,Retail,6,2018/10/22 04:00:00+00,385
-83.107339,42.417944,300 W McNichols Rd,New Light Recovery Center,Services,12,2018/10/24 04:00:00+00,386
-82.976606,42.435384,14300 Gratiot Ave,Hookah Orange Heads,Retail,9,2018/10/25 04:00:00+00,387
-82.976572,42.43544,14302 Gratiot Ave,K & H Nails,Services,9,2018/10/25 04:00:00+00,388
-82.976534,42.435476,14304 Gratiot Ave,Boost Mobile,Services,9,2018/10/25 04:00:00+00,389
-82.976518,42.435527,14306 Gratiot Ave,Check-N-Go,Services,9,2018/10/25 04:00:00+00,390
-82.976508,42.435562,14308 Gratiot Ave,Daily Catch Fish Market,Retail,9,2018/10/25 04:00:00+00,391
-83.069138,42.331716,1680 Michigan Ave,Detroit PAL,Services,3,2018/10/26 04:00:00+00,392
-83.193182,42.420728,6700 W Outer Dr,Hartford Nursing & Rehabilitation Center,Services,12,2018/10/27 04:00:00+00,393
-83.091486,42.363801,2567 W Grand Blvd,Boulevard Temple Care Center,Residential,10,2018/11/01 04:00:00+00,394
-83.179674,42.402666,15311 Schaefer Hwy,Sheffield Manor Nursing & Rehab Center,Residential,2,2018/11/01 04:00:00+00,395
-83.23011,42.430609,19100 W 7 Mile Rd,Regency Heights Detroit,Residential,8,2018/11/01 04:00:00+00,396
-83.039244,42.433359,6250 E 7 Mile Rd,Kwik Stop Liquor,Retail,11,2018/11/07 05:00:00+00,397
-82.995118,42.391762,5680 French Rd,Mobil,Retail,5,2018/11/07 05:00:00+00,398
-83.241128,42.429247,20201 W 7 Mile Rd,Heyden Food,Retail,8,2018/11/07 05:00:00+00,399
-83.014632,42.379527,8031 Gratiot Ave,Sunoco,Retail,7,2018/11/07 05:00:00+00,400
-82.974927,42.438486,14540 Gratiot Ave,Detroit Goodyear Supercenter,Services,9,2018/11/08 05:00:00+00,401
-82.997225,42.448736,12510 E 8 Mile Rd,MnM Motel,Residential,9,2018/11/09 05:00:00+00,402
-83.231079,42.386627,19300 Schoolcraft,Schoolcraft Liquor,Retail,8,2018/11/09 05:00:00+00,403
-83.139731,42.381484,12603 Livernois Ave,Wearmaster,Services,10,2018/11/12 05:00:00+00,404
-83.05045,42.335748,1 Park Ave,David Whitney Building,Residential,3,2018/11/12 05:00:00+00,405
-83.178148,42.431373,13344 W 7 Mile Rd,7 Mile Kennedy Liquor,Retail,12,2018/11/14 05:00:00+00,406
-83.140397,42.397034,14595 Livernois Ave,Detroit Tire and Auto,Services,10,2018/11/16 05:00:00+00,407
-83.222963,42.443813,18321 W 8 Mile Rd,Citgo,Retail,8,2018/11/16 05:00:00+00,408
-83.044275,42.438231,19457 Mound Rd,Diamond Dot Liquor Shoppe,Retail,11,2018/11/16 05:00:00+00,409
-83.1409,42.408407,15875 Livernois Ave,Marco's Car Wash,Services,12,2018/11/21 05:00:00+00,410
-83.054212,42.418963,4821 E McNichols Rd,Sunshine Treatment Institute,Services,11,2018/11/21 05:00:00+00,411
-83.201307,42.442465,20441 James Couzens Fwy,Andy’s Market,Retail,8,2018/11/21 05:00:00+00,412
-82.95682,42.398556,5201 Alter Rd,Royal Skateland,Services,5,2018/11/27 05:00:00+00,413
-83.062828,42.382462,1500 E Euclid St,L & W Engineering Co.,Services,3,2018/11/28 05:00:00+00,414
-83.236541,42.443585,19645 W 8 Mile Rd,Alpha Automotive,Services,8,2018/11/29 05:00:00+00,415
-83.104537,42.367625,8406 Linwood St,Citgo,Retail,10,2018/11/30 05:00:00+00,416
-83.052443,42.334643,415 Clifford St,Philip Houze,Residential,3,2018/12/03 05:00:00+00,417
-83.097969,42.371677,8665 Rosa Parks Blvd,Family Foods Super Store,Retail,10,2018/12/04 05:00:00+00,418
-83.098091,42.372537,8677 Rosa Parks Blvd,Fu Lin,Retail,10,2018/12/04 05:00:00+00,419
-83.09782,42.372661,8679 Rosa Parks Blvd,Lee Beauty Supply,Retail,10,2018/12/04 05:00:00+00,420
-83.076795,42.374767,8055 Woodward Ave,New Center Super Market,Retail,3,2018/12/05 05:00:00+00,421
-83.072719,42.446853,3000 E 8 Mile Rd,Sunoco,Retail,11,2018/12/06 05:00:00+00,422
-82.998921,42.358535,"8044 Kercheval, Unit 1B",Marrow,Retail,7,2018/12/07 05:00:00+00,423
-82.927185,42.424377,20901 Moross Rd,Covenant Community Care,Services,5,2018/12/12 05:00:00+00,424
-83.199325,42.430764,15444 W 7 Mile Rd,Mobil,Retail,12,2018/12/12 05:00:00+00,425
-83.093446,42.331187,3613 Michigan Ave,Coin-O-Matic,Services,4,2018/12/12 05:00:00+00,426
-82.958054,42.428798,18077 Kelly Rd,Liquor Captain,Retail,9,2018/12/18 05:00:00+00,427
-83.103909,42.316785,5811 W Vernor Hwy,99 Plus Express,Retail,4,2018/12/18 05:00:00+00,428
-82.992691,42.434505,12840 E 7 Mile Rd,Shorty's Liquor Store,Retail,9,2018/12/19 05:00:00+00,429
-83.109528,42.357224,2021 W Grand Blvd,Mobil,Retail,10,2018/12/20 05:00:00+00,430
-83.14073,42.402929,6306 Fenkell Ave,Mobil,Retail,10,2018/12/20 05:00:00+00,431
-83.139756,42.402394,15230 Livernois,BP,Retail,10,2018/12/20 05:00:00+00,432
-82.980308,42.449123,14010 E 8 Mile Rd,Frank's Auto Muffler,Services,9,2018/12/21 05:00:00+00,433
-82.994888,42.352077,8005 E Jefferson Ave,Sunoco,Retail,7,2018/12/21 05:00:00+00,434
-83.014789,42.437646,5181 East Outer Dr,New Breakthrough Church International,Services,11,2018/12/31 05:00:00+00,435
-83.050441,42.33385,232 W Grand River Ave,Louis Kamper Building,Residential,3,2018/12/31 05:00:00+00,436
-83.05125,42.336285,1600 Woodward Ave,Grand Circus Park,Services,3,2018/12/31 05:00:00+00,437
-83.05035,42.332083,1114 Washington Blvd,The Westin Book Cadillac Detroit,Residential,3,2018/12/31 05:00:00+00,438
-83.050459,42.333501,1258 Washington Blvd,Stevens Building,Residential,3,2018/12/31 05:00:00+00,439
-83.141973,42.436646,19495 Livernois Ave,Three Thirteen,Retail,12,2019/01/08 05:00:00+00,440
-83.081598,42.324149,2835 Bagley St,Mexican Town Welcome Center,Services,4,2019/01/09 05:00:00+00,441
-83.08117,42.324269,"2835 Bagley St, Suite 100",DTE,Services,4,2019/01/09 05:00:00+00,442
-83.081463,42.324176,"2835 Bagley St, Suite, 200",Secretary of State,Services,4,2019/01/09 05:00:00+00,443
-83.081286,42.324219,"2835 Bagley St, Suite, 600",Mexican Town Latino Cultural Center,Services,4,2019/01/09 05:00:00+00,444
-83.196755,42.345014,7285 Greenfield Rd,Tim Hortons,Retail,6,2019/01/14 05:00:00+00,445
-83.164997,42.431479,10340 W 7 Mile Rd,Child Star Development Center,Services,12,2019/01/15 05:00:00+00,446
-83.178254,42.401866,13501 Fenkell Ave,Fenkell Enterprises,Services,2,2019/01/16 05:00:00+00,447
-83.085437,42.322926,3437 Bagley St,Xochi's Gift Shop,Retail,4,2019/01/17 05:00:00+00,448
-83.150217,42.373591,10786 Grand River Ave,U & I 12,Retail,2,2019/01/18 05:00:00+00,449
-83.218604,42.430448,17800 W 7 Mile Rd,Marathon,Retail,8,2019/01/23 05:00:00+00,450
-83.218011,42.415882,17804 W McNichols Rd,BP,Retail,8,2019/01/23 05:00:00+00,451
-83.128893,42.364996,8990 Grand River Ave,Michigan Barber School,Services,10,2019/01/24 05:00:00+00,452
-83.126167,42.331446,6680 Michigan Ave,Garden Fresh Marketplace,Retail,4,2019/01/25 05:00:00+00,453
-83.265782,42.419221,22711 Grand River Ave,DaVita Dialysis,Services,8,2019/02/01 05:00:00+00,454
-83.187328,42.402084,14444 Fenkell Ave,Marathon,Retail,2,2019/02/06 05:00:00+00,455
-83.141351,42.421003,17521 Livernois Ave,Trade Winds,Retail,12,2019/02/08 05:00:00+00,456
-83.199351,42.443899,20490 Greenfield Rd,Crystal House Motel,Residential,12,2019/02/08 05:00:00+00,457
-83.023541,42.43369,19030 Van Dyke St,Citgo,Retail,11,2019/02/08 05:00:00+00,458
-83.161887,42.445285,10001 W 8 Mile Rd,Shell,Retail,12,2019/02/08 05:00:00+00,459
-82.936794,42.403207,16450 E Warren Ave,Wine Basket,Retail,5,2019/02/12 05:00:00+00,460
-82.935589,42.417105,17163 Harper Ave,Cadieux Discount Pharmacy,Retail,5,2019/02/13 05:00:00+00,461
-83.004367,42.350033,215 E Grand Blvd,Mustard Tree Co-op,Residential,7,2019/02/13 05:00:00+00,462
-83.21572,42.399332,17631 Grand River Ave,Sam's Appliances,Retail,8,2019/02/14 05:00:00+00,463
-83.08146,42.325549,1759 W 20th St,DSDT - A Detroit School for Digital Technology,Services,4,2019/02/18 05:00:00+00,464
-82.972203,42.387408,4681 Conner St,VT Nails,Services,5,2019/02/20 05:00:00+00,465
-83.276304,42.41307,16866 Telegraph Rd,Telegraph Apartment,Residential,8,2019/02/21 05:00:00+00,466
-83.276232,42.413832,16920 Telegraph Rd,Telegraph Motel,Residential,8,2019/02/21 05:00:00+00,467
-83.159223,42.398081,14800 Wyoming Ave,Fosters Market,Retail,10,2019/02/22 05:00:00+00,468
-83.201383,42.444114,20500 James Couzens Fwy,Cranbrook Motel,Residential,12,2019/02/28 05:00:00+00,469
-83.109374,42.417965,410 W McNichols Rd,Dean's Party Store,Retail,12,2019/03/01 05:00:00+00,470
-83.021935,42.441497,4661 E Outer Dr,Conner Creek Senior Living,Residential,11,2019/03/05 05:00:00+00,471
-83.173258,42.409296,13015 Puritan Ave,Aldewin Rose Construction,Services,12,2019/03/05 05:00:00+00,472
-83.19988,42.444133,20500 Greenfield Rd,Citgo,Retail,12,2019/03/08 05:00:00+00,473
-83.212758,42.380571,12635 Memorial St,Ramblewood Apartments,Residential,6,2019/03/12 04:00:00+00,474
-83.178102,42.385776,13400 Schaefer Hwy,Metropolitan Church of God,Services,2,2019/03/15 04:00:00+00,475
-82.973759,42.402191,12829 Harper Ave,Detroit Wing Spot,Retail,9,2019/03/15 04:00:00+00,476
-83.132351,42.331317,7100 Michigan Ave,Covenant Community Care,Services,4,2019/03/19 04:00:00+00,477
-83.008529,42.358138,528 E Grand Blvd,Federation of Youth Services,Services,7,2019/03/20 04:00:00+00,478
-83.175763,42.416331,13207 W McNichols Rd,JNB Market,Retail,12,2019/03/22 04:00:00+00,479
-82.99717,42.370435,8844 Mack Ave,Blue Light Market,Retail,7,2019/03/27 04:00:00+00,480
-82.929923,42.405644,17040 E Warren Ave,Marathon,Retail,5,2019/03/28 04:00:00+00,481
-83.020431,42.441695,4663 E Outer Dr,Conner Creek Senior Living 2,Residential,11,2019/04/01 04:00:00+00,482
-83.133199,42.416993,3205 W McNichols Rd,Stop and Go Deli #2,Retail,12,2019/04/01 04:00:00+00,483
-83.158935,42.395506,14508 Wyoming St,Super Coney Island,Retail,10,2019/04/05 04:00:00+00,484
-83.145271,42.378752,3636 Ewald Cir,Ewald Liquor,Retail,10,2019/04/05 04:00:00+00,485
-83.150921,42.329155,8919 Michigan Ave,Quality Market,Retail,4,2019/04/08 04:00:00+00,486
-83.12153,42.40252,2201 Fenkell St,Vedo Logistics,Services,10,2019/04/10 04:00:00+00,487
-83.086335,42.439733,1720 E State Fair,Mt. Calvary Baptist Church,Services,11,2019/04/10 04:00:00+00,488
-82.969056,42.403543,13929 Harper Ave,Metro - East Drug Treatment Corporation,Services,9,2019/04/10 04:00:00+00,489
-83.120237,42.410018,2041 Puritan St,Save Up Market,Retail,12,2019/04/10 04:00:00+00,490
-83.159009,42.37373,10000 Plymouth Rd,Sunoco,Retail,2,2019/04/11 04:00:00+00,491
-83.11802,42.374379,3342 Chicago Blvd,T&T Properties,Residential,10,2019/04/12 04:00:00+00,492
-83.157122,42.358662,8656 Wyoming St,Hometown Market,Retail,2,2019/04/15 04:00:00+00,493
-83.202386,42.364442,9358 Rutherford St,Alexander Court Apartments,Residential,6,2019/04/24 04:00:00+00,494
-82.943751,42.401332,15901 E Warren Ave,Nino’s Market,Retail,5,2019/04/24 04:00:00+00,495
-83.199323,42.428898,18900 Greenfield Rd,Exxon,Retail,12,2019/04/24 04:00:00+00,496
-83.023434,42.355077,3360 Charlevoix St,Franklin-Wright Settlements,Services,7,2019/05/03 04:00:00+00,497
-83.119586,42.388723,12619 Linwood St,Valero Gas / Cousins One Stop Market,Retail,10,2019/05/03 04:00:00+00,498
-83.128702,42.376568,4241 Burlingame St,Oak Village Square Apartments,Residential,10,2019/05/10 04:00:00+00,499
-83.065968,42.35227,459 Prentis St,Orrington Apartments,Residential,3,2019/05/10 04:00:00+00,500
-83.017913,42.405325,8301 Lynch Rd,Premier Group Associates,Services,11,2019/05/10 04:00:00+00,501
-83.138481,42.369318,9848 Livernois Ave,KFC,Retail,10,2019/05/17 04:00:00+00,502
-83.218306,42.429745,17801 W 7 Mile Rd,Tax Tumblerz,Services,8,2019/05/21 04:00:00+00,503
-83.218529,42.429746,17815 W 7 Mile Rd,Evolution Beauty Bar,Services,8,2019/05/21 04:00:00+00,504
-83.218681,42.429739,17825 W 7 Mile Rd,Vacant,Retail,8,2019/05/21 04:00:00+00,505
-83.218361,42.429741,17805 W 7 Mile Rd,Los Chapos Mexican Restaurant,Retail,8,2019/05/21 04:00:00+00,506
-83.218442,42.429743,17807 W 7 Mile Rd,Michigan Medical Application Center,Services,8,2019/05/21 04:00:00+00,507
-83.189093,42.416802,14530 W McNichols Rd,Valero,Retail,12,2019/05/21 04:00:00+00,508
-83.005071,42.393884,9963 Gratiot Ave,Prince Liquor,Retail,7,2019/05/24 04:00:00+00,509
-83.217543,42.401447,17750 Fenkell Ave,KFC,Retail,8,2019/05/29 04:00:00+00,510
-83.224157,42.40154,18610A Fenkell Ave,Humana,Services,8,2019/05/30 04:00:00+00,511
-83.224164,42.401614,18610B Fenkell Ave,Oak Street Health,Services,8,2019/05/30 04:00:00+00,512
-83.224175,42.401707,18612 Fenkell Ave,Nail Zone,Services,8,2019/05/30 04:00:00+00,513
-83.224192,42.401789,18614 Fenkell Ave,Panda Chinese Restaurant,Retail,8,2019/05/30 04:00:00+00,514
-83.224192,42.401918,18616 Fenkell Ave,La Kabob Grill,Retail,8,2019/05/30 04:00:00+00,515
-83.224087,42.401255,18602 Fenkell Ave,Kidz Kingdom,Services,8,2019/05/30 04:00:00+00,516
-83.224108,42.401342,18604 Fenkell Ave,Grand River Outlet,Retail,8,2019/05/30 04:00:00+00,517
-83.224122,42.401403,18606 Fenkell Ave,Hook Me Up Clothing Store,Retail,8,2019/05/30 04:00:00+00,518
-83.224136,42.401474,18608 Fenkell Ave,Super Best Beauty Supply,Retail,8,2019/05/30 04:00:00+00,519
-82.965193,42.405044,9041 Chalmers St,KFC,Retail,9,2019/05/31 04:00:00+00,520
-83.02446,42.364711,3785 Gratiot Ave,KFC,Retail,7,2019/05/31 04:00:00+00,521
-83.177294,42.365488,13555 W Chicago St,Players Liquor,Retail,2,2019/06/03 04:00:00+00,522
-83.158294,42.361921,9151 Wyoming Ave,Dairy Queen,Retail,2,2019/06/07 04:00:00+00,523
-83.158699,42.394569,14390 Wyoming Ave,Jmac Tree and Debris,Services,10,2019/06/07 04:00:00+00,524
-83.169508,42.428481,18700 Meyers Rd,Home Depot,Retail,12,2019/06/13 04:00:00+00,525
-83.08003,42.358075,5500 Trumbull Ave,Trumbull Crossing Apartments,Residential,3,2019/06/14 04:00:00+00,526
-83.230215,42.342858,19345 W Warren Ave,Semma Liquor Store,Retail,6,2019/06/14 04:00:00+00,527
-83.083285,42.378968,8735 2nd Ave,Fit & Fold Laundromat,Services,3,2019/06/18 04:00:00+00,528
-82.952147,42.434574,18525 Moross Rd,Golden Laser Dental,Services,9,2019/06/20 04:00:00+00,529
-83.122232,42.392509,2601 W Davison St,KFC,Retail,10,2019/06/20 04:00:00+00,530
-83.232644,42.386665,19444 Schoolcraft,Clark,Retail,8,2019/06/21 04:00:00+00,531
-83.120482,42.44137,20110 Woodward Ave,State Fair Transit Center,Services,12,2019/06/26 04:00:00+00,532
-83.287053,42.429351,24760 W 7 Mile Rd,"Delta Sigma Theta, Detroit Alumnae Chapter",Services,8,2019/06/26 04:00:00+00,533
-83.063692,42.419223,17132 Conant St,Mandee's Jazz Cafe,Services,11,2019/06/27 04:00:00+00,534
-83.22798,42.430126,18910 W 7 Mile Rd,Crown 7,Retail,8,2019/06/28 04:00:00+00,535
-83.118228,42.370282,3700 Joy Rd,Citgo,Retail,10,2019/07/17 04:00:00+00,536
-83.137457,42.355065,8224 Livernois Ave,Chiko's Truck Repair,Services,10,2019/07/19 04:00:00+00,537
-83.237405,42.357766,20100 Joy Rd,Joy Liquor Palace,Retail,6,2019/07/24 04:00:00+00,538
-83.251815,42.415225,21350 W McNichols Rd,Riviera Motel,Residential,8,2019/07/25 04:00:00+00,539
-83.228288,42.342978,19201 W Warren Ave,4 UR Recovery,Services,6,2019/08/07 04:00:00+00,540
-82.966621,42.392907,13023 E Warren Ave,AAA Liquor,Retail,5,2019/08/07 04:00:00+00,541
-82.999246,42.349446,7501 E Jefferson Ave,Sheridan Place I,Residential,7,2019/08/12 04:00:00+00,542
-82.998616,42.349667,7601 E Jefferson Ave,Sheridan Place II,Residential,7,2019/08/12 04:00:00+00,543
-83.210846,42.429904,16901 W 7 Mile Rd,Exxon,Retail,8,2019/08/14 04:00:00+00,544
-83.195286,42.430842,15100 W 7 Mile Rd,BP,Retail,12,2019/08/14 04:00:00+00,545
-83.137818,42.359285,8890 Livernois Ave,Valero,Retail,10,2019/08/23 04:00:00+00,546
-83.132154,42.316727,8031 Dix St,Safeway Market,Retail,4,2019/08/26 04:00:00+00,547
-83.090796,42.321971,3917 W Vernor Hwy,Dollar Center,Retail,4,2019/08/26 04:00:00+00,548
-83.001425,42.348368,445 Field St,Islandview Apartments,Residential,7,2019/08/31 04:00:00+00,549
-83.111763,42.315285,6415 W  Vernor Hwy,Dollar Center,Retail,4,2019/09/04 04:00:00+00,550
-83.232058,42.339398,6551 Minock St,In Memory of Community Garden,Services,6,2019/09/06 04:00:00+00,551
-83.209,42.343212,16611 W Warren Ave,Hannon's House,Retail,6,2019/12/06 05:00:00+00,552
-83.016261,42.336057,1000 Riverplace,Roberts Riverwalk Hotel,Residential,7,2019/09/07 04:00:00+00,553
-83.213367,42.444031,17151 W 8 Mile,BP,Retail,8,2019/09/18 04:00:00+00,554
-83.015663,42.360073,3106 Bellevue St,Marketing Supply Company,Services,7,2019/09/19 04:00:00+00,555
-83.129079,42.312941,2439 Carson St,Carson Apartments,Residential,4,2019/09/20 04:00:00+00,556
-83.015573,42.439532,5043 E Outer Dr,Anthos Garden Apartments,Residential,11,2019/09/24 04:00:00+00,557
-83.063787,42.418319,3640 E McNichols Rd,Valero,Retail,11,2019/09/25 04:00:00+00,558
-83.185544,42.409362,14234 Puritan St,State Liquor,Retail,2,2019/09/26 04:00:00+00,559
-83.136846,42.310448,2435 Woodmere St,Shirley Apartments,Residential,4,2019/09/30 04:00:00+00,560
-82.964523,42.419055,11364 Kelly Rd,Chop It Up Barbershop,Services,9,2019/10/03 04:00:00+00,561
-83.066585,42.368434,6221 Brush St,Piquette Square,Residential,3,2019/10/04 04:00:00+00,562
-83.093137,42.32398,2134 Hubbard St,Melie Apartments,Residential,4,2019/10/04 04:00:00+00,563
-83.023657,42.429355,18438 Van Dyke St,Ceasar's Liquor,Retail,11,2019/10/04 04:00:00+00,564
-83.196613,42.357123,8594 Greenfield Rd,Unlimited Auto Sales,Retail,2,2019/10/04 04:00:00+00,565
-82.956327,42.36996,12706 E Jefferson Ave,Riverside Party Store,Retail,5,2019/10/04 04:00:00+00,566
-83.132794,42.309499,2316 Lawndale St,Claradale Apartments,Residential,4,2019/10/08 04:00:00+00,567
-83.198655,42.431293,15400 W 7 Mile Rd,Bowin Place,Residential,12,2019/10/09 04:00:00+00,568
-83.239887,42.430461,19101 Evergreen Rd,Cambridge Towers,Residential,8,2019/10/09 04:00:00+00,569
-83.239281,42.369668,20201 Plymouth Rd,Plymouth Square Village,Residential,6,2019/10/09 04:00:00+00,570
-83.082257,42.369759,901 Pallister Rd,Village Center,Residential,3,2019/10/09 04:00:00+00,571
-83.224157,42.343541,18750 W Warren Ave,Ice Liquor,Retail,6,2019/10/09 04:00:00+00,572
-82.958441,42.395951,14441 E Warren Ave,Clark,Retail,5,2019/10/09 04:00:00+00,573
-83.133047,42.308808,8729 W Vernor Hwy,Ferndale Apartments,Residential,4,2019/10/14 04:00:00+00,574
-83.133573,42.309069,2310 Cabot St,Vernor Apartments,Residential,4,2019/10/14 04:00:00+00,575
-83.192376,42.357946,15037 Joy Rd,Coyle Auto Repair,Services,2,2019/10/14 04:00:00+00,576
-83.169443,42.409861,10832 Puritan Ave,Tiger Liquor,Retail,12,2019/10/15 04:00:00+00,577
-83.088156,42.322979,3615 W Vernor St,Cole Apartments,Residential,4,2019/10/16 04:00:00+00,578
-83.078085,42.374201,93 Seward St,Midtown Square Apartments,Residential,3,2019/10/22 04:00:00+00,579
-83.197201,42.371808,11408 Greenfield Rd,Detroit Hot Wheel City,Retail,2,2019/10/23 04:00:00+00,580
-82.986075,42.449029,13540 E 8 Mile Rd,Detroit Hot Wheel City,Retail,9,2019/10/23 04:00:00+00,581
-83.123489,42.331403,4310 Cicotte St,Galston Apartments,Residential,4,2019/10/24 04:00:00+00,582
-83.093269,42.316056,1185 Clark St,Clark Apartments,Residential,4,2019/10/25 04:00:00+00,583
-83.192472,42.444717,14711 W 8 Mile Rd,Detroit Hot Wheel City,Retail,12,2019/10/27 04:00:00+00,584
-82.993487,42.411668,11901 Gratiot Ave,A & A Party Place,Retail,9,2019/10/27 04:00:00+00,585
-83.07292,42.369094,6505 Woodward Ave,Lake Trust Credit Union,Services,3,2019/10/28 04:00:00+00,586
-83.123805,42.306198,1515 Springwells St,El Tijerazo,Services,4,2019/10/28 04:00:00+00,587
-82.998071,42.358885,"8116 Kercheval St, Unit 1",Rachel Lee Massage Therapy,Services,7,2019/10/30 04:00:00+00,588
-82.997975,42.358936,"8122 Kercheval St, Unit 1",Mumma Maria's House,Retail,7,2019/10/30 04:00:00+00,589
-82.998945,42.358532,"8044 Kercheval St, Unit 1A",Village Parlor,Services,7,2019/10/30 04:00:00+00,590
-82.999437,42.358346,8016 Kercheval St,Seat Detroit,Services,7,2019/10/30 04:00:00+00,591
-83.067991,42.351714,641 Prentis St,Woldorf Apartment,Residential,3,2019/11/01 04:00:00+00,592
-83.067786,42.35173,633 Prentis St,Dubois Apartment,Residential,3,2019/11/01 04:00:00+00,593
-83.089295,42.323589,512 W Grand Blvd,Barbara Apartments,Residential,4,2019/11/15 05:00:00+00,594
-83.024129,42.445361,20216 Van Dyke St,BP,Retail,11,2019/11/20 05:00:00+00,595
-83.134897,42.416967,3345 W McNichols,Citgo,Retail,12,2019/11/20 05:00:00+00,596
-83.132426,42.30849,2201 Lawndale St,Lawndale Apartments,Residential,4,2019/11/21 05:00:00+00,597
-83.156548,42.445502,8523 8 Mile Rd,Bottoms Up,Retail,12,2019/11/21 05:00:00+00,598
-82.990117,42.416791,12355 Gratiot Ave,Boost Mobile,Services,9,2019/12/11 05:00:00+00,599
-83.0936,42.362206,2500 W Grand Blvd,Young Manor Apartments,Residential,3,2019/11/22 05:00:00+00,600
-83.090205,42.318757,1453 Hubbard St,Harwill Apartments,Residential,4,2019/11/22 05:00:00+00,601
-83.184451,42.416779,14050 W McNichols Rd,Mathews Food and Liquor,Retail,12,2019/11/22 05:00:00+00,602
-83.216557,42.402144,15321 Archdale St,Faith Manor,Residential,8,2019/11/22 05:00:00+00,603
-83.090654,42.324004,545 W Grand Blvd,Grand Apartments,Residential,4,2019/11/25 05:00:00+00,604
-83.039935,42.419508,6201 E McNichols Rd,H & A Auto Parts,Retail,11,2019/11/25 05:00:00+00,605
-82.949389,42.387243,14711 Mack Ave,Mack Ashland Apartments,Residential,5,2019/11/27 05:00:00+00,606
-83.139942,42.40572,15464 Livernois Ave,Exxon,Retail,12,2019/11/27 05:00:00+00,607
-83.102085,42.4398,1 East State Fair Ave,Citgo,Retail,11,2019/11/29 05:00:00+00,608
-83.121088,42.369031,4058 Joy Rd,New Flamingo Liquor,Retail,10,2019/11/29 05:00:00+00,609
-83.079178,42.371031,666 W Bethune St,New Center Pavilion,Residential,3,2019/12/03 05:00:00+00,610
-83.179824,42.409006,15901 Schaefer Hwy,Sunoco,Retail,2,2019/12/04 05:00:00+00,611
-82.978113,42.449187,14100 E 8 Mile Road,Piccadilly Party Store,Retail,9,2019/12/05 05:00:00+00,612
-83.064124,42.345761,641 Brainard St,Midtown Place Apartments,Residential,3,2019/12/06 05:00:00+00,613
-83.13008,42.317879,7800 Dix St,Barnsco,Services,4,2019/12/06 05:00:00+00,614
-83.023915,42.432726,18912 Van Dyke,C-Note Lounge,Services,11,2019/12/12 05:00:00+00,615
-83.08016,42.374178,8231 Second Ave,Mount Zion New Covenant Baptist Church,Services,3,2019/12/13 05:00:00+00,616
-83.021787,42.360896,3561 Mt Elliot,Valero,Retail,7,2019/12/13 05:00:00+00,617
-83.135921,42.308172,9000 W Vernor Hwy,Sheba Auto Services and Sales,Retail,4,2019/12/19 05:00:00+00,618
-83.012444,42.376346,5002 Van Dyke St,Citgo,Retail,7,2019/12/19 05:00:00+00,619
-83.090946,42.331848,2835 23rd St,Michigan Urban Park Apartments,Residential,3,2019/12/19 05:00:00+00,620
-83.041634,42.332396,431 E Congress St,Saint Andrew's Hall,Services,3,2019/12/20 05:00:00+00,621
-83.042082,42.331649,575 Brush St,City Market,Retail,3,2019/12/20 05:00:00+00,622
-83.041792,42.331704,400 E Congress St,Sweetwater Tavern,Retail,3,2019/12/20 05:00:00+00,623
-83.041777,42.332093,415 E Congress St,Legends Detroit,Services,3,2019/12/20 05:00:00+00,624
-83.042161,42.333847,454 E Lafayette St,Loco's,Retail,3,2019/12/20 05:00:00+00,625
-83.042091,42.333702,735 Beaubien St,Niki's Pizza,Retail,3,2019/12/20 05:00:00+00,626
-83.042173,42.332508,686 Brush St,Park-Rite,Services,3,2019/12/20 05:00:00+00,627
-83.04081,42.330924,440 Larned St,Park-Rite,Services,3,2019/12/20 05:00:00+00,628
-83.040994,42.33066,409 E Jefferson Ave,DuMouchelle Art Gallery,Services,3,2019/12/20 05:00:00+00,629
-83.039185,42.332314,577 E Larned St,Junior Achievement,Services,3,2019/12/20 05:00:00+00,630
-83.023769,42.434277,19112 Van Dyke St,Alladin Liquor Store,Retail,11,2019/12/20 05:00:00+00,631
-83.178167,42.365503,13603 W Chicago St,Citgo,Retail,2,2019/12/20 05:00:00+00,632
-83.042412,42.333682,432 E Lafayette St,Bouzouki Club,Services,3,2019/12/20 05:00:00+00,633
-83.010939,42.3426,3472 E Jefferson Ave,Harbortown Market,Retail,7,2019/12/24 05:00:00+00,634
-83.091046,42.432302,1200 E 7 Mile Rd,Valero,Retail,11,2019/12/26 05:00:00+00,635
-82.954776,42.434911,16060 Moross Rd,Our Kidz World Learning Cernter,Services,9,2019/12/28 05:00:00+00,636
-83.223589,42.429603,18415 W 7 Mile Rd,Detroit Hot Wheel City,Retail,8,2020/01/07 05:00:00+00,637
-83.140359,42.417404,17100 Livernois Ave,Marathon,Retail,12,2020/01/08 05:00:00+00,638
-83.178455,42.373411,11611 Schaefer Hwy,Valero,Retail,2,2020/01/11 05:00:00+00,639
-82.925999,42.424191,21001 Moross Rd,Grace Community Church,Services,5,2020/01/14 05:00:00+00,640
-83.134993,42.402476,3443 Fenkell St,Citgo,Retail,10,2020/01/16 05:00:00+00,641
-82.989304,42.355491,8643 E Jefferson Ave,Chalfonte Riverfront Detroit,Residential,7,2020/01/24 05:00:00+00,642
-82.989441,42.355463,8655 E Jefferson Ave,Chalfonte Riverfront Detroit,Residential,7,2020/01/24 05:00:00+00,643
-82.989429,42.35565,915 Fischer St,Chalfonte Riverfront Detroit,Residential,7,2020/01/24 05:00:00+00,644
-83.139653,42.380038,12507 Livernois Ave,Lavern’s Market,Retail,10,2020/01/24 05:00:00+00,645
-83.089233,42.322186,465 W Grand Blvd,Harrington Apartments,Residential,4,2020/01/27 05:00:00+00,646
-83.140945,42.345092,7106 W Warren Ave,West Warren Food Market,Retail,2,2020/01/29 05:00:00+00,647
-83.122746,42.377009,11301 Dexter Ave,Clark Gas Station,Retail,10,2020/01/31 05:00:00+00,648
-83.10321,42.446635,15 W 8 Mile Rd,Sunoco,Retail,12,2020/02/01 05:00:00+00,649
-83.087072,42.320594,388 W Grand Blvd,Wilshire Apartments,Residential,4,2020/02/04 05:00:00+00,650
-83.084625,42.317302,250 W Grand Blvd,Savanah Apartments,Residential,4,2020/02/05 05:00:00+00,651
-83.131909,42.30708,1930 Cabot St,Cabot Apartments,Residential,4,2020/02/06 05:00:00+00,652
-83.12862,42.313453,7930 Pitt St,Pitt Carson Apartments,Residential,4,2020/02/07 05:00:00+00,653
-83.176131,42.416845,13226 W McNichols Rd,Sloppy Chops,Retail,12,2020/02/11 05:00:00+00,654
-82.97264,42.390168,12400 E Warren Ave,Park Side Liquor Store,Retail,5,2020/02/11 05:00:00+00,655
-83.08893,42.318042,1250 Hubbard St,Whitdale Apartments,Residential,4,2020/02/14 05:00:00+00,656
-83.080308,42.339782,2140 Martin Luther King Jr Blvd,Alberta W. King Village Apartments,Residential,3,2020/02/14 05:00:00+00,657
-83.28057,42.42521,24313 Grand River Ave,Best Value Hardware,Retail,8,2020/02/17 05:00:00+00,658
-82.973058,42.40255,13001 Harper Ave,Marathon,Retail,9,2020/02/19 05:00:00+00,659
-83.0528,42.332511,1310 Cass Ave,Rosa Parks Transit Center,Services,3,2020/02/20 05:00:00+00,660
-83.220839,42.365262,18450 W Chicago St,Franklin Village Apartments,Residential,6,2020/02/25 05:00:00+00,661
-83.068192,42.353022,622 W Forest,Hollenden Apartments,Residential,3,2020/02/25 05:00:00+00,662
-83.068274,42.353126,4709 Second Ave,Hollenden Apartments,Residential,3,2020/02/25 05:00:00+00,663
-83.067878,42.353209,4711 Second Ave,Hollenden Apartments,Residential,3,2020/02/25 05:00:00+00,664
-83.068173,42.352998,620 W Forest,Hollenden Apartments,Residential,3,2020/02/25 05:00:00+00,665
-83.097456,42.389066,11567 Hamilton Ave,Mobil,Retail,10,2020/02/26 05:00:00+00,666
-83.139111,42.386125,13300 Livernois Ave,Sunoco,Retail,10,2020/03/05 05:00:00+00,667
-83.013916,42.433887,11000 E 7 Mile Rd,Marathon,Retail,9,2020/03/11 04:00:00+00,668
-82.986679,42.357667,8935 E Jefferson Ave,Hibbard Market,Retail,7,2020/03/17 04:00:00+00,669
-83.140649,42.335757,7640 McGraw St,Michigan Wheel & Tire,Retail,4,2020/03/17 04:00:00+00,670
-83.075136,42.432703,2742 E 7 Mile Rd,Happy's Pizza,Retail,11,2020/06/01 04:00:00+00,671
-82.999864,42.396896,6671 French Rd,"Industrial Container, Inc.",Services,5,2020/08/07 04:00:00+00,672
-82.988874,42.417427,12550 Gratoit Ave,Wendy's,Retail,9,2020/08/27 04:00:00+00,673
-83.180051,42.415094,16841 Schaefer Hwy,Remedy RX Pharmacy,Retail,2,2020/09/03 04:00:00+00,674
-83.04105,42.35987,4234 St Aubin St,St. Aubin Square Apartments,Residential,7,2020/09/28 04:00:00+00,675
-83.040963,42.35973,4200 St Aubin St,St. Aubin Square Apartments,Residential,7,2020/09/28 04:00:00+00,676
-83.186844,42.387568,14401 Grand River Ave,Mary's Grill,Restaurant / Bar,2,2020/10/05 04:00:00+00,677
-83.106529,42.41832,225 Merton Rd,LaVogue Square Apartments,Residential,12,2020/10/06 04:00:00+00,678
-83.09563,42.320487,4336 W Vernor Hwy,La Michoacana,Retail,4,2020/10/09 04:00:00+00,679
-83.055068,42.360125,714 E Warren Ave,Marathon,Retail,3,2020/10/09 04:00:00+00,680
-83.237842,42.400374,20001 Fenkell St,Citgo,Retail,6,2020/10/15 04:00:00+00,681
-83.187385,42.351393,14620 Tireman St,Valero,Retail,2,2020/10/15 04:00:00+00,682
-83.237833,42.415537,19830 W McNichols Rd,Citgo,Retail,8,2020/10/22 04:00:00+00,683
-82.955215,42.407593,15415 Harper Ave,Cognac Castle,Retail,9,2020/10/27 04:00:00+00,684
-83.113488,42.331455,5716 Michigan Ave,Covenant Community Care,Services,4,2020/10/30 04:00:00+00,685
-83.031467,42.349809,2295 E Vernor Hwy,Regency At Chene,Residential,7,2020/10/30 04:00:00+00,686
-83.102283,42.424442,17951 John R St,Michael's  Liquor,Retail,12,2020/11/04 05:00:00+00,687
-83.139151,42.387009,13500 Livernois Ave,Exxon,Retail,10,2020/11/05 05:00:00+00,688
-83.113068,42.418694,17400 Third St,Palmer Park Square,Residential,12,2020/11/09 05:00:00+00,689
-83.276413,42.410353,16550 Telegraph Rd,Chapeau Lounge,Services,8,2020/11/11 05:00:00+00,690
-83.156347,42.328086,9506 Michigan Ave,Venus Club,Services,4,2020/11/13 05:00:00+00,691
-83.141711,42.429241,18685 Livernois Ave,Lana's Bake Shop,Retail,12,2020/11/20 05:00:00+00,692
-83.153849,42.409569,8401 Puritan Ave,Light of the World Deliverance Ministries International,Community,12,2020/11/24 05:00:00+00,693
-83.132358,42.345135,6400 W Warren Ave,Motorama,Retail,2,2020/11/24 05:00:00+00,694
-83.113716,42.420301,811 Covington Dr,Covington Apartments,Residential,12,2020/11/25 05:00:00+00,695
-83.005256,42.434086,11538 E 7 Mile Rd,Dollar Corner,Retail,9,2020/11/25 05:00:00+00,696
-83.113246,42.31238,1700 Waterman St,Waterman Outpatient Clinic,Services,4,2020/12/03 05:00:00+00,697
-83.06611,42.327377,1600 Porter St,Southwest Solutions Housing Resource Center,Services,3,2020/12/03 05:00:00+00,698
-82.958898,42.385036,13228 Mack Ave,Everybody Rides Auto Sales,Retail,5,2020/12/10 05:00:00+00,699
-83.259184,42.42948,22040 W 7 Mile Rd,United Liquor,Party / Liquor Store,8,2020/12/11 05:00:00+00,700
-83.087987,42.323554,1920 25th St,Southwest Housing Solutions,Services,4,2020/12/12 05:00:00+00,701
-83.18678,42.388344,14458 Grand River Ave,Exxon,Retail,2,2020/12/12 05:00:00+00,702
-83.122633,42.331311,6418 Michigan Ave,DaWorx,Services,4,2020/12/16 05:00:00+00,703
-83.122448,42.331335,6406 Michigan Ave,Swanson Income Tax,Services,4,2020/12/16 05:00:00+00,704
-83.122538,42.331288,6410 Michigan Ave,vacant,Retail,4,2020/12/16 05:00:00+00,705
-83.122725,42.331314,6422 Michigan Ave,Preferred Flooring,Retail,4,2020/12/16 05:00:00+00,706
-83.054785,42.359066,4701 Chrysler Dr,Cityview Senior Tower,Residential,3,2020/12/24 05:00:00+00,707
-83.131662,42.34527,6113 Livernois Ave,Motorama,Retail,2,2020/12/24 05:00:00+00,708
-83.039734,42.331172,519 E Jefferson Ave,Sloppy Crab,Retail,3,2020/12/29 05:00:00+00,709
-82.962659,42.421387,12422 Kelly Rd,Academy of Beanie Care,Services,9,2020/12/30 05:00:00+00,710
-82.976339,42.449197,14202 E 8 Mile Rd,Citgo,Retail,9,2020/12/31 05:00:00+00,711
-83.086655,42.324226,"3456 W Vernor Hwy, Suite B",FarmaCity Pharmacy,Services,4,2020/12/31 05:00:00+00,712
-83.034677,42.430708,18615 Sherwood St,PTI - Quality Containment Solutions,Retail,11,2021/01/14 05:00:00+00,713
-82.952186,42.435044,19130 Kelly Rd,Papas,Retail,9,2021/01/22 05:00:00+00,714
-83.081621,42.418205,1900 E McNichols Rd,BP,Retail,11,2021/02/05 05:00:00+00,715
-83.10861,42.418241,325 Merton Rd,Palmer Park Square,Residential,12,2021/02/17 05:00:00+00,716
-83.160419,42.425717,18310 Wyoming St,Xpert Car Care,Services,12,2021/02/19 05:00:00+00,717
-82.995775,42.351092,7875 E Jefferson Ave,Jefferson Liquor Mart,Retail,7,2021/02/22 05:00:00+00,718
-83.21373899,42.41536901,17321 W McNichols Rd,Xpert Car Care,Services,8,2021/02/22 05:00:00+00,719
-83.234261,42.414998,"19449 W McNichols Rd, Ste 1",The SM Creative Store,Retail,8,2021/02/26 05:00:00+00,720
-83.234189,42.414985,"19449 W McNichols Rd, Ste 2",Marketing,Services,8,2021/02/26 05:00:00+00,721
-83.234114,42.414995,"19449 W McNichols Rd, Ste 3",Top Dolla Cutz and Fades,Services,8,2021/02/26 05:00:00+00,722
-83.23405,42.414988,"19449 W McNichols Rd, Ste 4",Classi Ladi,Retail,8,2021/02/26 05:00:00+00,723
-83.14715097,42.33026399,8524 Michigan Ave,Westchester Apartments,Residential,4,2021/03/02 05:00:00+00,724
-83.14194067,42.43441188,19353 Livernois Ave,21st Century Salon,Services,12,2021/03/11 05:00:00+00,725
-83.141931,42.434304,19355 Livernois Ave,vacant,Retail,12,2021/03/11 05:00:00+00,726
-83.141918,42.434373,19359 Livernois Ave,AKOMA,Retail,12,2021/03/11 05:00:00+00,727
-83.141948,42.434442,19367 Livernois Ave,Pretty Lady's Salon,Services,12,2021/03/11 05:00:00+00,728
-83.141943,42.434588,19371 Livernois Ave,UR Shoe Closet,Retail,12,2021/03/11 05:00:00+00,729
-82.97644389,42.43768861,14493 Gratiot Ave,Detroit Blues Cafe,Retail,9,2021/03/13 05:00:00+00,730
-83.24413878,42.34909919,7800 Pierson St,DTE Electric Tree Trimming School,Services,6,2021/03/26 04:00:00+00,731
-83.09071998,42.33016517,2703 23rd St,Detroit Industrial Warehousing,Services,4,2021/04/01 04:00:00+00,732
-83.11388429,42.4310038,18932 Woodward Ave,Cynthia's Poprcorn Shop,Retail,12,2021/04/01 04:00:00+00,733
-83.18345664,42.36944439,9970 Freeland St,H and H Freeland,Retail,2,2021/04/08 04:00:00+00,734
-83.28326577,42.4423931,24377 W 8 Mile Rd,Plumbers Wholesale,Retail,8,2021/04/08 04:00:00+00,735
-83.10913913,42.41968446,361 Covington Rd,361 Covington,Residential,12,2021/04/09 04:00:00+00,736
-83.10936531,42.41972692,381 Covington Rd,381 Covington,Residential,12,2021/04/10 04:00:00+00,737
-83.03951925,42.33183302,546 E Larned St,Minnie's Detroit,Restaurant / Bar,3,2021/04/10 04:00:00+00,738
-83.02672571,42.36074317,3439 Gratiot Ave,Atlas Plumbing Supply Co.,Retail,7,2021/04/14 04:00:00+00,739
-83.10806391,42.41895924,300 Whitmore Rd,300 Whitmore,Residential,12,2021/04/23 04:00:00+00,740
-83.12777812,42.40455487,15395 Linwood St,Linwood Apartments,Residential,10,2021/04/23 04:00:00+00,741
-83.10132737,42.41817654,1 E McNichols Rd,Citgo,Retail,11,2021/04/29 04:00:00+00,742
-83.27350109,42.4313596,19255 Shiawassee Dr,Pierre Manor Apartments,Residential,8,2021/05/06 04:00:00+00,743
-83.25345399,42.42917213,21401 W 7 Mile Rd,Chapel Court Apartments,Residential,8,2021/05/06 04:00:00+00,744
-83.11163269,42.42003602,641 Covington Rd,641 Covington,Residential,12,2021/05/07 04:00:00+00,745
-83.117007,42.420096,980 Whitmore Rd,980 Whitmore,Residential,12,2021/05/19 04:00:00+00,746
-83.110972,42.420045,661 Covington Rd,641 Covington,Residential,12,2021/06/07 04:00:00+00,747
-83.111467,42.420085,671 Covington Rd,641 Covington,Residential,12,2021/06/07 04:00:00+00,748
-83.111696,42.420092,681 Covington Rd,641 Covington,Residential,12,2021/06/07 04:00:00+00,749
-83.112131,42.420051,701 Covington Rd,641 Covington,Residential,12,2021/06/07 04:00:00+00,750
-83.112265,42.420083,711 Covington Rd,641 Covington,Residential,12,2021/06/07 04:00:00+00,751
-83.11531368,42.4203942,900 Whitmore Rd,900 Whitmore,Residential,12,2021/06/09 04:00:00+00,752
-83.1475474,42.37254842,10560 Grand River Ave,Detroit Tire,Retail,2,2021/06/10 04:00:00+00,753
-83.11837051,42.42215088,17725 Manderson Rd,17725 Manderson,Residential,12,2021/06/14 04:00:00+00,754
-83.04816006,42.33545043,1401 Broadway St,The Boll Family YMCA,Community,3,2021/06/18 04:00:00+00,755
-82.99407073,42.35248894,8109 E Jefferson Ave,West Village Garden,Services,7,2021/06/18 04:00:00+00,756
-83.01387744,42.43447835,11001 E 7 Mile Rd,Mobil,Retail,9,2021/06/23 04:00:00+00,757
-83.21525191,42.34375041,17720 W Warren Ave,Shell,Retail,6,2021/06/28 04:00:00+00,758
-83.18457864,42.36221099,9201 Freeland St,5 Star Auto Parts,Retail,2,2021/06/30 04:00:00+00,759
-83.0542003,42.41859115,4900 E McNichols,The Lawn Academy,Services,11,2021/07/09 04:00:00+00,760
-83.11742255,42.4207347,1000 Whitmore Rd,1000 Whitmore,Residential,12,2021/07/23 04:00:00+00,761
-83.11455349,42.42014262,850 Whitmore Rd,850 Whitmore,Residential,12,2021/07/23 04:00:00+00,762
-83.11406356,42.41945034,825 Whitmore Rd,825 Whitmore,Residential,12,2021/07/27 04:00:00+00,763
-83.02574857,42.33980829,595 Chene St,Martin Luther King I and II,Residential,7,2021/07/30 04:00:00+00,764
-83.08062129,42.37323298,675 Seward St,Seward Apartments,Residential,3,2021/08/04 04:00:00+00,765
-83.08632949,42.3699528,1310 Pallister St,Lexington Village,Residential,10,2021/08/05 04:00:00+00,766
